Year,Yield (Tonnes/Hectare)
1997,0.85294116
1998,0.62257224
1999,0.44590825
2000,0.28287125
2001,1.1221302
2002,0.23893565
2003,1.1807041
2004,0.74856216
2005,0.773898
2006,0.9271255
2007,0.7390172
2008,0.54567635
2009,0.6099224
2010,1.0794919
2011,1.0441501
2012,1.0352441
2013,1.1464864
2014,1.0753862
2015,0.95870996
2016,1.1282895
2017,1.1412919
2018,0.99741435
2019,1.0061808
